aviram = Avi Alkalay <avi@unix.sh>
Markus Raab <uni@markus-raab.org> = Markus Raab <elektra@markus-raab.org>
mraab = Markus Raab <elektra@markus-raab.org>
(no author) = Markus Raab <elektra@markus-raab.org>
registry@markus-raab.org = Markus Raab <elektra@markus-raab.org>
rayman = Jens Andersen <jens.andersen@gmail.com>
remipouak = Rèmi <remipouak@yahoo.fr>
sfllaw = Simon Law <sfllaw@debian.org>
ylecaillez = Yannick Lecaillez <yl@itioweb.com>
pertusus = Patrice Dumas <pertusus@free.fr>
patricksabin@gmx.at = Patrick Sabin <patricksabin@gmx.at>
